PRAGMA foreign_keys=OFF;
BEGIN TRANSACTION;
CREATE TABLE alembic_version (
	version_num VARCHAR(32) NOT NULL, 
	CONSTRAINT alembic_version_pkc PRIMARY KEY (version_num)
);
INSERT INTO alembic_version VALUES('7346ce46d166');
CREATE TABLE aspect_ratio (
	id INTEGER NOT NULL, 
	value INTEGER NOT NULL, 
	PRIMARY KEY (id)
);
INSERT INTO aspect_ratio VALUES(1,40);
INSERT INTO aspect_ratio VALUES(2,45);
INSERT INTO aspect_ratio VALUES(3,50);
INSERT INTO aspect_ratio VALUES(4,55);
INSERT INTO aspect_ratio VALUES(5,60);
INSERT INTO aspect_ratio VALUES(6,65);
INSERT INTO aspect_ratio VALUES(7,70);
INSERT INTO aspect_ratio VALUES(8,80);
CREATE TABLE inch (
	id INTEGER NOT NULL, 
	value INTEGER NOT NULL, 
	PRIMARY KEY (id)
);
INSERT INTO inch VALUES(1,10);
INSERT INTO inch VALUES(2,12);
INSERT INTO inch VALUES(3,13);
INSERT INTO inch VALUES(4,14);
INSERT INTO inch VALUES(5,15);
INSERT INTO inch VALUES(6,16);
INSERT INTO inch VALUES(8,18);
INSERT INTO inch VALUES(9,19);
INSERT INTO inch VALUES(10,20);
INSERT INTO inch VALUES(17,21);
CREATE TABLE manufacturer (
	id INTEGER NOT NULL, 
	name VARCHAR NOT NULL, 
	PRIMARY KEY (id)
);
INSERT INTO manufacturer VALUES(1,'ブリヂストン');
INSERT INTO manufacturer VALUES(2,'ダンロップ');
INSERT INTO manufacturer VALUES(3,'ヨコハマ');
INSERT INTO manufacturer VALUES(4,'トーヨータイヤ');
INSERT INTO manufacturer VALUES(5,'ニットータイヤ');
INSERT INTO manufacturer VALUES(6,'ミシュラン');
INSERT INTO manufacturer VALUES(7,'グッドイヤー');
INSERT INTO manufacturer VALUES(8,'ピレリ');
INSERT INTO manufacturer VALUES(9,'コンチネンタル');
INSERT INTO manufacturer VALUES(10,'ファルケン');
INSERT INTO manufacturer VALUES(11,'韓国 (ハンコック)Hankook');
INSERT INTO manufacturer VALUES(12,'台湾 (マキシス)Maxxis');
INSERT INTO manufacturer VALUES(13,'中華製');
CREATE TABLE ply_rating (
	id INTEGER NOT NULL, 
	value VARCHAR NOT NULL, 
	is_custom INTEGER NOT NULL, 
	added_date DATE NOT NULL, 
	PRIMARY KEY (id)
);
INSERT INTO ply_rating VALUES(1,'S',0,'2024-12-01');
INSERT INTO ply_rating VALUES(2,'V',0,'2024-12-01');
INSERT INTO ply_rating VALUES(3,'6P',0,'2024-12-01');
INSERT INTO ply_rating VALUES(4,'8P',0,'2024-12-01');
INSERT INTO ply_rating VALUES(5,'',0,'2024-12-01');
CREATE TABLE roles (
	id INTEGER NOT NULL, 
	name VARCHAR(50) NOT NULL, 
	description VARCHAR(255), 
	PRIMARY KEY (id), 
	UNIQUE (name)
);
INSERT INTO roles VALUES(1,'admin','Administrator role');
CREATE TABLE width (
	id INTEGER NOT NULL, 
	value INTEGER NOT NULL, 
	PRIMARY KEY (id)
);
INSERT INTO width VALUES(1,135);
INSERT INTO width VALUES(2,145);
INSERT INTO width VALUES(3,155);
INSERT INTO width VALUES(4,165);
INSERT INTO width VALUES(5,175);
INSERT INTO width VALUES(6,185);
INSERT INTO width VALUES(7,195);
INSERT INTO width VALUES(8,205);
INSERT INTO width VALUES(9,215);
INSERT INTO width VALUES(10,225);
INSERT INTO width VALUES(11,235);
CREATE TABLE alert_page (
	id INTEGER NOT NULL, 
	width INTEGER, 
	aspect_ratio INTEGER, 
	inch INTEGER, 
	inventory_count INTEGER NOT NULL, 
	search_count INTEGER NOT NULL, 
	PRIMARY KEY (id), 
	FOREIGN KEY(aspect_ratio) REFERENCES aspect_ratio (id), 
	FOREIGN KEY(inch) REFERENCES inch (id), 
	FOREIGN KEY(width) REFERENCES width (id)
);
CREATE TABLE search_page (
	id INTEGER NOT NULL, 
	width INTEGER, 
	aspect_ratio INTEGER, 
	inch INTEGER, 
	inventory_count INTEGER NOT NULL, 
	search_count INTEGER NOT NULL, 
	PRIMARY KEY (id), 
	FOREIGN KEY(aspect_ratio) REFERENCES aspect_ratio (id), 
	FOREIGN KEY(inch) REFERENCES inch (id), 
	FOREIGN KEY(width) REFERENCES width (id)
);
CREATE TABLE user (
	id INTEGER NOT NULL, 
	username VARCHAR(150) NOT NULL, 
	password_hash VARCHAR(150) NOT NULL, 
	role_id INTEGER, 
	PRIMARY KEY (id), 
	FOREIGN KEY(role_id) REFERENCES roles (id), 
	UNIQUE (username)
);
INSERT INTO user VALUES(1,'admin','scrypt:32768:8:1$qGkjsIasSlNwaHcI$1d5b6fb21472c1d02b6863cf9bafe691d7fc5e007431df6943b1ea6068f692a0218df90daf9a0d6fd66e37033cd8f288eee2514aea0ef691eccba4d712776912',1);
INSERT INTO user VALUES(2,'shin','scrypt:32768:8:1$2Wvc26zlGiTYtBmj$fa95c885ec55454f826f277ed11f5c1c795b780efb01f167da24ff8c6c30b8afdfa02d4bdb85d3631bd8c387e23e63edd863c935c545b9becff063876422ed31',1);
CREATE TABLE edit_page (
	id INTEGER NOT NULL, 
	tire_id INTEGER NOT NULL, 
	user_id INTEGER NOT NULL, 
	action VARCHAR NOT NULL, 
	edit_date DATE NOT NULL, 
	details VARCHAR, 
	PRIMARY KEY (id), 
	FOREIGN KEY(tire_id) REFERENCES input_page (id), 
	FOREIGN KEY(user_id) REFERENCES user (id)
);
CREATE TABLE AspectRatio (
    id INTEGER PRIMARY KEY AUTOINCREMENT,
    value INTEGER NOT NULL
);
CREATE TABLE PlyRating (
    id INTEGER PRIMARY KEY AUTOINCREMENT,
    value TEXT NOT NULL,
    is_custom INTEGER NOT NULL CHECK(is_custom IN (0, 1)),
    added_date DATE NOT NULL
);
CREATE TABLE SearchPage (
    width INTEGER,
    aspect_ratio INTEGER,
    inch INTEGER,
    FOREIGN KEY (width) REFERENCES Width(id),
    FOREIGN KEY (aspect_ratio) REFERENCES AspectRatio(id),
    FOREIGN KEY (inch) REFERENCES Inch(id)
);
CREATE TABLE HistoryPage (
    tire_id INTEGER NOT NULL,
    user_id INTEGER NOT NULL,
    action TEXT NOT NULL,
    edit_date DATE NOT NULL,
    details TEXT,
    FOREIGN KEY (tire_id) REFERENCES InputPage(id),
    FOREIGN KEY (user_id) REFERENCES User(id)
);
CREATE TABLE InstructionPage (
    dispatch_id INTEGER PRIMARY KEY AUTOINCREMENT,
    width INTEGER NOT NULL,
    aspect_ratio INTEGER NOT NULL,
    inch INTEGER NOT NULL,
    manufacturer TEXT NOT NULL,
    manufacturing_year INTEGER,
    tread_depth INTEGER,
    FOREIGN KEY (width) REFERENCES Width(id),
    FOREIGN KEY (aspect_ratio) REFERENCES AspectRatio(id),
    FOREIGN KEY (inch) REFERENCES Inch(id),
    FOREIGN KEY (manufacturer) REFERENCES Manufacturer(id)
);
CREATE TABLE AlertPage (
    width INTEGER,
    aspect_ratio INTEGER,
    inch INTEGER,
    inventory_count INTEGER NOT NULL,
    search_count INTEGER NOT NULL,
    FOREIGN KEY (width) REFERENCES Width(id),
    FOREIGN KEY (aspect_ratio) REFERENCES AspectRatio(id),
    FOREIGN KEY (inch) REFERENCES Inch(id)
);
CREATE TABLE DropdownManagement (
    id INTEGER PRIMARY KEY AUTOINCREMENT,
    entity_type TEXT NOT NULL,
    entity_value INTEGER NOT NULL,
    FOREIGN KEY (entity_value) REFERENCES Width(id) -- 適宜修正
);
CREATE TABLE dispatch_history (
    id INTEGER PRIMARY KEY,
    tire_id INTEGER NOT NULL,
    user_id INTEGER NOT NULL,
    dispatch_date DATETIME NOT NULL,  -- `DATETIME` に変更
    dispatch_note VARCHAR,
    FOREIGN KEY (tire_id) REFERENCES input_page(id),
    FOREIGN KEY (user_id) REFERENCES user(id)
);
INSERT INTO dispatch_history VALUES(1,46,1,'2024-12-22 09:00:00','販売による出庫');
INSERT INTO dispatch_history VALUES(2,47,1,'2024-12-22 09:00:00','販売による出庫');
INSERT INTO dispatch_history VALUES(3,48,1,'2024-12-22 09:00:00','販売による出庫');
INSERT INTO dispatch_history VALUES(4,49,1,'2024-12-22 09:00:00','販売による出庫');
INSERT INTO dispatch_history VALUES(5,59,1,'2024-12-22 09:00:00','販売による出庫');
INSERT INTO dispatch_history VALUES(6,60,1,'2024-12-22 09:00:00','販売による出庫');
INSERT INTO dispatch_history VALUES(7,50,1,'2024-12-22 09:00:00','販売による出庫');
INSERT INTO dispatch_history VALUES(8,51,1,'2024-12-22 09:00:00','販売による出庫');
INSERT INTO dispatch_history VALUES(9,52,1,'2024-12-22 09:00:00','販売による出庫');
INSERT INTO dispatch_history VALUES(10,53,1,'2024-12-22 09:00:00','販売による出庫');
INSERT INTO dispatch_history VALUES(11,54,1,'2024-12-22 09:00:00','販売による出庫');
INSERT INTO dispatch_history VALUES(12,55,1,'2024-12-24 09:00:00','販売による出庫');
INSERT INTO dispatch_history VALUES(13,56,1,'2024-12-24 09:00:00','販売による出庫');
INSERT INTO dispatch_history VALUES(14,62,1,'2024-12-24 09:00:00','販売による出庫');
INSERT INTO dispatch_history VALUES(15,70,1,'2024-12-24 09:00:00','販売による出庫');
INSERT INTO dispatch_history VALUES(16,71,1,'2024-12-24 09:00:00','販売による出庫');
INSERT INTO dispatch_history VALUES(17,57,1,'2024-12-26 09:00:00','販売による出庫');
INSERT INTO dispatch_history VALUES(18,72,1,'2024-12-26 09:00:00','販売による出庫');
INSERT INTO dispatch_history VALUES(19,69,1,'2024-12-26 09:00:00','販売による出庫');
INSERT INTO dispatch_history VALUES(20,63,1,'2024-12-26 09:00:00','販売による出庫');
INSERT INTO dispatch_history VALUES(21,61,1,'2024-12-27 09:00:00','販売による出庫');
INSERT INTO dispatch_history VALUES(22,64,1,'2024-12-27 09:00:00','販売による出庫');
INSERT INTO dispatch_history VALUES(23,67,1,'2024-12-27 09:00:00','販売による出庫');
INSERT INTO dispatch_history VALUES(24,58,1,'2024-12-27 09:00:00','販売による出庫');
INSERT INTO dispatch_history VALUES(25,73,1,'2024-12-27 09:00:00','販売による出庫');
INSERT INTO dispatch_history VALUES(26,65,1,'2024-12-27 09:00:00','販売による出庫');
INSERT INTO dispatch_history VALUES(27,68,1,'2024-12-27 09:00:00','販売による出庫');
INSERT INTO dispatch_history VALUES(28,66,1,'2024-12-27 09:00:00','販売による出庫');
INSERT INTO dispatch_history VALUES(29,74,1,'2024-12-27 09:00:00','販売による出庫');
INSERT INTO dispatch_history VALUES(30,75,1,'2024-12-27 09:00:00','販売による出庫');
INSERT INTO dispatch_history VALUES(31,76,1,'2024-12-27 09:00:00','販売による出庫');
INSERT INTO dispatch_history VALUES(32,77,1,'2024-12-28 09:00:00',NULL);
INSERT INTO dispatch_history VALUES(33,78,1,'2024-12-28 09:00:00',NULL);
INSERT INTO dispatch_history VALUES(34,79,1,'2024-12-28 09:00:00',NULL);
INSERT INTO dispatch_history VALUES(35,80,1,'2024-12-28 09:00:00',NULL);
INSERT INTO dispatch_history VALUES(36,81,1,'2024-12-28 09:00:00',NULL);
INSERT INTO dispatch_history VALUES(37,82,1,'2024-12-28 09:00:00',NULL);
INSERT INTO dispatch_history VALUES(38,83,1,'2024-12-28 09:00:00',NULL);
INSERT INTO dispatch_history VALUES(39,84,1,'2024-12-28 09:00:00',NULL);
INSERT INTO dispatch_history VALUES(40,85,1,'2024-12-29 09:00:00',NULL);
INSERT INTO dispatch_history VALUES(41,86,1,'2024-12-29 09:00:00',NULL);
INSERT INTO dispatch_history VALUES(42,87,1,'2024-12-29 09:00:00',NULL);
INSERT INTO dispatch_history VALUES(43,88,1,'2024-12-29 09:00:00',NULL);
INSERT INTO dispatch_history VALUES(44,89,1,'2024-12-29 09:00:00',NULL);
INSERT INTO dispatch_history VALUES(45,90,1,'2024-12-29 09:00:00',NULL);
INSERT INTO dispatch_history VALUES(46,76,1,'2024-12-29 09:00:00',NULL);
INSERT INTO dispatch_history VALUES(47,80,1,'2024-12-29 09:00:00',NULL);
INSERT INTO dispatch_history VALUES(48,77,1,'2024-12-31 09:00:00',NULL);
INSERT INTO dispatch_history VALUES(49,78,1,'2025-01-01 09:00:00',NULL);
INSERT INTO dispatch_history VALUES(50,79,1,'2025-01-01 09:00:00',NULL);
INSERT INTO dispatch_history VALUES(51,81,1,'2025-01-01 09:00:00',NULL);
INSERT INTO dispatch_history VALUES(52,82,1,'2025-01-01 09:00:00',NULL);
INSERT INTO dispatch_history VALUES(53,83,1,'2025-01-01 09:00:00',NULL);
INSERT INTO dispatch_history VALUES(54,84,1,'2025-01-01 09:00:00',NULL);
INSERT INTO dispatch_history VALUES(55,91,1,'2025-01-01 09:00:00',NULL);
INSERT INTO dispatch_history VALUES(56,92,1,'2025-01-02 09:00:00',NULL);
INSERT INTO dispatch_history VALUES(57,93,1,'2025-01-03 09:00:00',NULL);
INSERT INTO dispatch_history VALUES(58,94,1,'2025-01-04 09:00:00',NULL);
INSERT INTO dispatch_history VALUES(59,95,1,'2025-01-04 09:00:00',NULL);
INSERT INTO dispatch_history VALUES(60,97,1,'2025-01-04 09:00:00',NULL);
INSERT INTO dispatch_history VALUES(61,96,1,'2025-01-04 09:00:00',NULL);
INSERT INTO dispatch_history VALUES(62,109,1,'2025-01-04 09:00:00',NULL);
INSERT INTO dispatch_history VALUES(63,108,1,'2025-01-04 09:00:00',NULL);
INSERT INTO dispatch_history VALUES(64,100,1,'2025-01-05 09:00:00',NULL);
INSERT INTO dispatch_history VALUES(65,99,1,'2025-01-05 09:00:00',NULL);
INSERT INTO dispatch_history VALUES(66,98,1,'2025-01-07 09:00:00',NULL);
INSERT INTO dispatch_history VALUES(67,101,1,'2025-01-08 09:00:00',NULL);
INSERT INTO dispatch_history VALUES(68,105,1,'2025-01-08 09:00:00',NULL);
INSERT INTO dispatch_history VALUES(69,104,1,'2025-01-08 09:00:00',NULL);
INSERT INTO dispatch_history VALUES(70,102,1,'2025-01-08 09:00:00',NULL);
INSERT INTO dispatch_history VALUES(71,103,1,'2025-01-08 09:00:00',NULL);
INSERT INTO dispatch_history VALUES(72,111,1,'2025-01-12 09:00:00',NULL);
INSERT INTO dispatch_history VALUES(73,123,1,'2025-01-12 09:00:00',NULL);
INSERT INTO dispatch_history VALUES(74,117,1,'2025-01-12 09:00:00',NULL);
INSERT INTO dispatch_history VALUES(75,112,1,'2025-01-12 09:00:00',NULL);
INSERT INTO dispatch_history VALUES(76,107,1,'2025-01-12 09:00:00',NULL);
INSERT INTO dispatch_history VALUES(77,124,1,'2025-01-12 09:00:00',NULL);
INSERT INTO dispatch_history VALUES(78,113,1,'2025-01-12 09:00:00',NULL);
INSERT INTO dispatch_history VALUES(79,120,1,'2025-01-12 09:00:00',NULL);
INSERT INTO dispatch_history VALUES(80,114,1,'2025-01-12 09:00:00',NULL);
INSERT INTO dispatch_history VALUES(81,110,1,'2025-01-12 09:00:00',NULL);
INSERT INTO dispatch_history VALUES(82,106,1,'2025-01-12 09:00:00',NULL);
INSERT INTO dispatch_history VALUES(83,119,1,'2025-01-12 09:00:00',NULL);
INSERT INTO dispatch_history VALUES(84,141,1,'2025-01-26 09:00:00',NULL);
INSERT INTO dispatch_history VALUES(85,142,1,'2025-01-26 09:00:00',NULL);
INSERT INTO dispatch_history VALUES(86,127,1,'2025-01-26 09:00:00',NULL);
INSERT INTO dispatch_history VALUES(87,143,1,'2025-01-26 09:00:00',NULL);
INSERT INTO dispatch_history VALUES(88,125,1,'2025-01-26 09:00:00',NULL);
INSERT INTO dispatch_history VALUES(89,126,1,'2025-01-26 09:00:00',NULL);
INSERT INTO dispatch_history VALUES(90,158,1,'2025-02-02 09:00:00',NULL);
INSERT INTO dispatch_history VALUES(91,164,1,'2025-02-02 09:00:00',NULL);
INSERT INTO dispatch_history VALUES(92,144,1,'2025-02-02 09:00:00',NULL);
INSERT INTO dispatch_history VALUES(93,153,1,'2025-02-02 09:00:00',NULL);
INSERT INTO dispatch_history VALUES(94,130,1,'2025-02-02 09:00:00',NULL);
INSERT INTO dispatch_history VALUES(95,367,1,'2025-02-02 09:00:00',NULL);
INSERT INTO dispatch_history VALUES(96,140,1,'2025-02-02 09:00:00',NULL);
INSERT INTO dispatch_history VALUES(97,176,1,'2025-02-02 09:00:00',NULL);
INSERT INTO dispatch_history VALUES(98,133,1,'2025-02-02 09:00:00',NULL);
INSERT INTO dispatch_history VALUES(99,181,1,'2025-02-02 09:00:00',NULL);
INSERT INTO dispatch_history VALUES(100,149,1,'2025-02-02 09:00:00',NULL);
INSERT INTO dispatch_history VALUES(101,168,1,'2025-02-02 09:00:00',NULL);
INSERT INTO dispatch_history VALUES(102,175,1,'2025-02-02 09:00:00',NULL);
INSERT INTO dispatch_history VALUES(103,366,1,'2025-02-02 09:00:00',NULL);
INSERT INTO dispatch_history VALUES(104,131,1,'2025-02-02 09:00:00',NULL);
INSERT INTO dispatch_history VALUES(105,165,1,'2025-02-02 09:00:00',NULL);
INSERT INTO dispatch_history VALUES(106,132,1,'2025-02-02 09:00:00',NULL);
INSERT INTO dispatch_history VALUES(107,174,1,'2025-02-02 09:00:00',NULL);
INSERT INTO dispatch_history VALUES(108,155,1,'2025-02-02 09:00:00',NULL);
INSERT INTO dispatch_history VALUES(109,162,1,'2025-02-02 09:00:00',NULL);
INSERT INTO dispatch_history VALUES(110,365,1,'2025-02-02 09:00:00',NULL);
INSERT INTO dispatch_history VALUES(111,156,1,'2025-02-02 09:00:00',NULL);
INSERT INTO dispatch_history VALUES(112,167,1,'2025-02-02 09:00:00',NULL);
INSERT INTO dispatch_history VALUES(113,170,1,'2025-02-02 09:00:00',NULL);
INSERT INTO dispatch_history VALUES(114,177,1,'2025-02-02 09:00:00',NULL);
INSERT INTO dispatch_history VALUES(115,136,1,'2025-02-02 09:00:00',NULL);
INSERT INTO dispatch_history VALUES(116,159,1,'2025-02-02 09:00:00',NULL);
INSERT INTO dispatch_history VALUES(117,151,1,'2025-02-02 09:00:00',NULL);
INSERT INTO dispatch_history VALUES(118,166,1,'2025-02-02 09:00:00',NULL);
INSERT INTO dispatch_history VALUES(119,147,1,'2025-02-02 09:00:00',NULL);
INSERT INTO dispatch_history VALUES(120,150,1,'2025-02-02 09:00:00',NULL);
INSERT INTO dispatch_history VALUES(121,363,1,'2025-02-02 09:00:00',NULL);
INSERT INTO dispatch_history VALUES(122,160,1,'2025-02-02 09:00:00',NULL);
INSERT INTO dispatch_history VALUES(123,171,1,'2025-02-02 09:00:00',NULL);
INSERT INTO dispatch_history VALUES(124,138,1,'2025-02-02 09:00:00',NULL);
INSERT INTO dispatch_history VALUES(125,157,1,'2025-02-02 09:00:00',NULL);
INSERT INTO dispatch_history VALUES(126,161,1,'2025-02-02 09:00:00',NULL);
INSERT INTO dispatch_history VALUES(127,364,1,'2025-02-02 09:00:00',NULL);
INSERT INTO dispatch_history VALUES(128,368,1,'2025-02-02 09:00:00',NULL);
INSERT INTO dispatch_history VALUES(129,145,1,'2025-02-02 09:00:00',NULL);
INSERT INTO dispatch_history VALUES(130,362,1,'2025-02-02 09:00:00',NULL);
INSERT INTO dispatch_history VALUES(131,180,1,'2025-02-02 09:00:00',NULL);
INSERT INTO dispatch_history VALUES(132,146,1,'2025-02-02 09:00:00',NULL);
INSERT INTO dispatch_history VALUES(133,179,1,'2025-02-02 09:00:00',NULL);
INSERT INTO dispatch_history VALUES(134,137,1,'2025-02-02 09:00:00',NULL);
INSERT INTO dispatch_history VALUES(135,169,1,'2025-02-02 09:00:00',NULL);
INSERT INTO dispatch_history VALUES(136,172,1,'2025-02-02 09:00:00',NULL);
INSERT INTO dispatch_history VALUES(137,163,1,'2025-02-02 09:00:00',NULL);
INSERT INTO dispatch_history VALUES(138,173,1,'2025-02-02 09:00:00',NULL);
INSERT INTO dispatch_history VALUES(139,134,1,'2025-02-02 09:00:00',NULL);
INSERT INTO dispatch_history VALUES(140,148,1,'2025-02-02 09:00:00',NULL);
INSERT INTO dispatch_history VALUES(141,178,1,'2025-02-02 09:00:00',NULL);
INSERT INTO dispatch_history VALUES(142,139,1,'2025-02-02 09:00:00',NULL);
INSERT INTO dispatch_history VALUES(143,154,1,'2025-02-02 09:00:00',NULL);
INSERT INTO dispatch_history VALUES(144,135,1,'2025-02-02 09:00:00',NULL);
INSERT INTO dispatch_history VALUES(145,369,1,'2025-02-02 09:00:00',NULL);
INSERT INTO dispatch_history VALUES(146,152,1,'2025-02-02 09:00:00',NULL);
INSERT INTO dispatch_history VALUES(147,182,1,'2025-02-03 09:00:00',NULL);
INSERT INTO dispatch_history VALUES(148,186,1,'2025-02-03 09:00:00',NULL);
INSERT INTO dispatch_history VALUES(149,185,1,'2025-02-03 09:00:00',NULL);
INSERT INTO dispatch_history VALUES(150,183,1,'2025-02-03 09:00:00',NULL);
INSERT INTO dispatch_history VALUES(151,184,1,'2025-02-03 09:00:00',NULL);
INSERT INTO dispatch_history VALUES(152,187,1,'2025-02-03 09:00:00',NULL);
INSERT INTO dispatch_history VALUES(153,188,1,'2025-02-03 09:00:00',NULL);
INSERT INTO dispatch_history VALUES(154,189,1,'2025-02-03 09:00:00',NULL);
INSERT INTO dispatch_history VALUES(155,190,1,'2025-02-03 09:00:00',NULL);
INSERT INTO dispatch_history VALUES(156,191,1,'2025-02-04 09:00:00',NULL);
INSERT INTO dispatch_history VALUES(157,192,1,'2025-02-04 09:00:00',NULL);
INSERT INTO dispatch_history VALUES(158,193,1,'2025-02-04 09:00:00',NULL);
INSERT INTO dispatch_history VALUES(159,194,1,'2025-02-04 09:00:00',NULL);
INSERT INTO dispatch_history VALUES(160,195,1,'2025-02-04 09:00:00',NULL);
INSERT INTO dispatch_history VALUES(161,196,1,'2025-02-04 09:00:00',NULL);
INSERT INTO dispatch_history VALUES(162,198,1,'2025-02-04 09:00:00',NULL);
INSERT INTO dispatch_history VALUES(163,199,1,'2025-02-04 09:00:00',NULL);
INSERT INTO dispatch_history VALUES(164,197,1,'2025-02-04 09:00:00',NULL);
INSERT INTO dispatch_history VALUES(165,200,1,'2025-02-04 09:00:00',NULL);
INSERT INTO dispatch_history VALUES(166,201,1,'2025-02-04 09:00:00',NULL);
INSERT INTO dispatch_history VALUES(167,202,1,'2025-02-04 09:00:00',NULL);
INSERT INTO dispatch_history VALUES(168,203,1,'2025-02-04 09:00:00',NULL);
INSERT INTO dispatch_history VALUES(169,204,1,'2025-02-04 09:00:00',NULL);
INSERT INTO dispatch_history VALUES(170,205,1,'2025-02-04 09:00:00',NULL);
INSERT INTO dispatch_history VALUES(171,206,1,'2025-02-04 09:00:00',NULL);
INSERT INTO dispatch_history VALUES(172,207,1,'2025-02-05 09:00:00',NULL);
INSERT INTO dispatch_history VALUES(173,213,1,'2025-02-07 09:00:00',NULL);
INSERT INTO dispatch_history VALUES(174,212,1,'2025-02-07 09:00:00',NULL);
INSERT INTO dispatch_history VALUES(175,208,1,'2025-02-07 09:00:00',NULL);
INSERT INTO dispatch_history VALUES(176,209,1,'2025-02-07 09:00:00',NULL);
INSERT INTO dispatch_history VALUES(177,214,1,'2025-02-07 09:00:00',NULL);
INSERT INTO dispatch_history VALUES(178,211,1,'2025-02-07 09:00:00',NULL);
INSERT INTO dispatch_history VALUES(179,210,1,'2025-02-07 09:00:00',NULL);
INSERT INTO dispatch_history VALUES(180,42,1,'2025-02-08 09:00:00',NULL);
INSERT INTO dispatch_history VALUES(181,128,1,'2025-02-09 00:10:11',NULL);
INSERT INTO dispatch_history VALUES(182,129,1,'2025-02-09 00:10:11',NULL);
INSERT INTO dispatch_history VALUES(183,116,1,'2025-02-09 00:10:11',NULL);
INSERT INTO dispatch_history VALUES(184,115,1,'2025-02-09 00:10:11',NULL);
INSERT INTO dispatch_history VALUES(185,122,1,'2025-02-09 00:10:11',NULL);
INSERT INTO dispatch_history VALUES(186,215,1,'2025-02-09 00:41:53',NULL);
INSERT INTO dispatch_history VALUES(187,216,1,'2025-02-09 00:41:53',NULL);
INSERT INTO dispatch_history VALUES(188,220,1,'2025-02-09 17:55:02',NULL);
INSERT INTO dispatch_history VALUES(189,218,1,'2025-02-09 17:55:02',NULL);
INSERT INTO dispatch_history VALUES(190,222,1,'2025-02-09 17:55:02',NULL);
INSERT INTO dispatch_history VALUES(191,217,1,'2025-02-09 17:55:02',NULL);
INSERT INTO dispatch_history VALUES(192,221,1,'2025-02-09 17:55:02',NULL);
INSERT INTO dispatch_history VALUES(193,219,1,'2025-02-09 17:55:02',NULL);
INSERT INTO dispatch_history VALUES(194,227,1,'2025-02-09 18:23:28',NULL);
INSERT INTO dispatch_history VALUES(195,226,1,'2025-02-09 18:23:28',NULL);
INSERT INTO dispatch_history VALUES(196,225,1,'2025-02-09 18:23:28',NULL);
INSERT INTO dispatch_history VALUES(197,223,1,'2025-02-09 18:23:28',NULL);
INSERT INTO dispatch_history VALUES(198,224,1,'2025-02-09 18:23:28',NULL);
INSERT INTO dispatch_history VALUES(199,229,1,'2025-02-09 20:48:46',NULL);
INSERT INTO dispatch_history VALUES(200,230,1,'2025-02-09 20:48:46',NULL);
INSERT INTO dispatch_history VALUES(201,228,1,'2025-02-09 20:48:46',NULL);
INSERT INTO dispatch_history VALUES(202,237,1,'2025-02-11 22:47:31.000000',NULL);
INSERT INTO dispatch_history VALUES(203,234,1,'2025-02-11 22:47:31.000000',NULL);
INSERT INTO dispatch_history VALUES(204,231,1,'2025-02-11 22:47:31.000000',NULL);
INSERT INTO dispatch_history VALUES(205,232,1,'2025-02-11 22:47:31.000000',NULL);
INSERT INTO dispatch_history VALUES(206,236,1,'2025-02-11 22:47:31.000000',NULL);
INSERT INTO dispatch_history VALUES(207,233,1,'2025-02-11 22:47:31.000000',NULL);
INSERT INTO dispatch_history VALUES(208,235,1,'2025-02-11 22:47:31.000000',NULL);
INSERT INTO dispatch_history VALUES(209,238,1,'2025-02-12 20:13:11.000000',NULL);
INSERT INTO dispatch_history VALUES(210,392,1,'2025-02-13 10:08:44.000000',NULL);
INSERT INTO dispatch_history VALUES(211,391,1,'2025-02-13 10:08:44.000000',NULL);
INSERT INTO dispatch_history VALUES(212,240,1,'2025-02-13 11:34:44.000000',NULL);
INSERT INTO dispatch_history VALUES(213,239,1,'2025-02-13 11:34:44.000000',NULL);
INSERT INTO dispatch_history VALUES(214,243,1,'2025-02-13 11:34:44.000000',NULL);
INSERT INTO dispatch_history VALUES(215,247,1,'2025-02-13 11:34:44.000000',NULL);
INSERT INTO dispatch_history VALUES(216,248,1,'2025-02-13 11:34:44.000000',NULL);
INSERT INTO dispatch_history VALUES(217,245,1,'2025-02-13 11:34:44.000000',NULL);
INSERT INTO dispatch_history VALUES(218,244,1,'2025-02-13 11:34:44.000000',NULL);
INSERT INTO dispatch_history VALUES(219,242,1,'2025-02-13 11:34:44.000000',NULL);
INSERT INTO dispatch_history VALUES(220,246,1,'2025-02-13 11:34:44.000000',NULL);
INSERT INTO dispatch_history VALUES(221,241,1,'2025-02-13 11:34:44.000000',NULL);
INSERT INTO dispatch_history VALUES(222,249,1,'2025-02-14 09:03:51.000000',NULL);
INSERT INTO dispatch_history VALUES(223,250,1,'2025-02-15 08:12:28.000000',NULL);
INSERT INTO dispatch_history VALUES(224,251,1,'2025-02-15 08:12:28.000000',NULL);
INSERT INTO dispatch_history VALUES(225,252,1,'2025-02-15 11:53:50.000000',NULL);
INSERT INTO dispatch_history VALUES(226,254,1,'2025-02-16 17:02:21.000000',NULL);
INSERT INTO dispatch_history VALUES(227,255,1,'2025-02-16 17:02:21.000000',NULL);
INSERT INTO dispatch_history VALUES(228,256,1,'2025-02-16 17:02:21.000000',NULL);
INSERT INTO dispatch_history VALUES(229,257,1,'2025-02-16 17:02:21.000000',NULL);
INSERT INTO dispatch_history VALUES(230,258,1,'2025-02-16 17:08:02.000000',NULL);
INSERT INTO dispatch_history VALUES(231,253,1,'2025-02-16 17:08:02.000000',NULL);
INSERT INTO dispatch_history VALUES(232,260,1,'2025-02-16 17:08:02.000000',NULL);
INSERT INTO dispatch_history VALUES(233,259,1,'2025-02-16 17:08:02.000000',NULL);
INSERT INTO dispatch_history VALUES(234,262,1,'2025-02-16 18:12:33.000000',NULL);
INSERT INTO dispatch_history VALUES(235,264,1,'2025-02-16 18:12:33.000000',NULL);
INSERT INTO dispatch_history VALUES(236,263,1,'2025-02-16 18:12:33.000000',NULL);
INSERT INTO dispatch_history VALUES(237,261,1,'2025-02-16 18:12:33.000000',NULL);
INSERT INTO dispatch_history VALUES(238,265,1,'2025-02-16 20:05:18.000000',NULL);
INSERT INTO dispatch_history VALUES(239,266,1,'2025-02-16 20:05:18.000000',NULL);
INSERT INTO dispatch_history VALUES(240,267,1,'2025-02-16 20:05:18.000000',NULL);
INSERT INTO dispatch_history VALUES(241,269,1,'2025-02-16 23:01:55.000000',NULL);
INSERT INTO dispatch_history VALUES(242,268,1,'2025-02-16 23:01:55.000000',NULL);
INSERT INTO dispatch_history VALUES(243,270,1,'2025-02-16 23:26:57.000000',NULL);
INSERT INTO dispatch_history VALUES(244,271,1,'2025-02-16 23:26:57.000000',NULL);
INSERT INTO dispatch_history VALUES(245,272,1,'2025-02-16 23:31:14.000000',NULL);
INSERT INTO dispatch_history VALUES(246,273,1,'2025-02-16 23:31:14.000000',NULL);
INSERT INTO dispatch_history VALUES(247,275,1,'2025-02-16 23:32:33.000000',NULL);
INSERT INTO dispatch_history VALUES(248,274,1,'2025-02-16 23:32:33.000000',NULL);
INSERT INTO dispatch_history VALUES(249,276,1,'2025-02-16 23:38:08.000000',NULL);
INSERT INTO dispatch_history VALUES(250,278,1,'2025-02-17 00:43:16.000000',NULL);
INSERT INTO dispatch_history VALUES(251,279,1,'2025-02-17 00:43:16.000000',NULL);
INSERT INTO dispatch_history VALUES(252,277,1,'2025-02-17 00:43:16.000000',NULL);
INSERT INTO dispatch_history VALUES(253,280,1,'2025-02-18 21:39:12.000000',NULL);
INSERT INTO dispatch_history VALUES(254,281,1,'2025-02-19 13:12:41.000000',NULL);
INSERT INTO dispatch_history VALUES(255,282,1,'2025-02-19 20:02:49.000000',NULL);
INSERT INTO dispatch_history VALUES(256,284,1,'2025-02-23 16:27:42.000000',NULL);
INSERT INTO dispatch_history VALUES(257,283,1,'2025-02-23 16:27:42.000000',NULL);
INSERT INTO dispatch_history VALUES(258,285,1,'2025-02-23 16:32:08.000000',NULL);
INSERT INTO dispatch_history VALUES(259,287,1,'2025-02-23 16:32:08.000000',NULL);
INSERT INTO dispatch_history VALUES(260,286,1,'2025-02-23 16:32:08.000000',NULL);
CREATE TABLE history_page (
    id INTEGER PRIMARY KEY,
    tire_id INTEGER NOT NULL,
    user_id INTEGER NOT NULL,
    action VARCHAR NOT NULL,
    edit_date DATETIME NOT NULL,  -- `DATETIME` に変更
    details VARCHAR,
    FOREIGN KEY (tire_id) REFERENCES input_page(id),
    FOREIGN KEY (user_id) REFERENCES user(id)
);
INSERT INTO history_page VALUES(1,375,2,'一括更新','2025-02-05 09:00:00','価格: None → 3000');
INSERT INTO history_page VALUES(2,374,2,'一括更新','2025-02-05 09:00:00','価格: None → 3000');
INSERT INTO history_page VALUES(3,376,2,'編集','2025-02-07 09:00:00','価格: None → 3000.0');
INSERT INTO history_page VALUES(4,376,2,'一括更新','2025-02-07 09:00:00','価格: 3000 → 2000');
INSERT INTO history_page VALUES(5,375,2,'一括更新','2025-02-07 09:00:00','価格: 3000 → 2000');
INSERT INTO history_page VALUES(6,374,2,'編集','2025-02-07 09:00:00','価格: 3,000 → 2,000');
INSERT INTO history_page VALUES(7,42,2,'編集','2025-02-07 09:00:00','価格: 2,000 → 3,000');
INSERT INTO history_page VALUES(8,215,2,'編集','2025-02-07 09:00:00','価格: 3,000 → 2,000');
INSERT INTO history_page VALUES(9,115,2,'編集','2025-02-08 09:00:00','価格: 3,000 → 2,000');
INSERT INTO history_page VALUES(10,116,2,'編集','2025-02-08 09:00:00','価格: 3,000 → 2,500');
INSERT INTO history_page VALUES(11,269,2,'編集','2025-02-08 09:00:00','価格: 3,000 → 2,500');
INSERT INTO history_page VALUES(12,265,2,'編集','2025-02-08 23:39:47','価格: 3,000 → 2,500');
INSERT INTO history_page VALUES(13,128,2,'編集','2025-02-08 23:42:06','価格: 3,000 → 2,500');
INSERT INTO history_page VALUES(14,122,2,'編集','2025-02-08 23:43:41','価格: 3,000 → 2,500');
INSERT INTO history_page VALUES(15,380,2,'一括更新','2025-02-09 00:43:21','価格: None → 3000');
INSERT INTO history_page VALUES(16,379,2,'一括更新','2025-02-09 00:43:21','価格: None → 3000');
INSERT INTO history_page VALUES(17,378,2,'一括更新','2025-02-09 00:43:21','価格: None → 3000');
INSERT INTO history_page VALUES(18,377,2,'一括更新','2025-02-09 00:43:21','価格: None → 3000');
INSERT INTO history_page VALUES(19,390,1,'編集','2025-02-11 22:21:09.462906','価格: なし → 3,000');
INSERT INTO history_page VALUES(20,389,2,'編集','2025-02-13 09:53:29.246896','価格: 3,000 → 2,000, 詳細:  → テスト');
INSERT INTO history_page VALUES(21,388,2,'編集','2025-02-13 09:58:08.699633','ply_rating: 0 → 2, other_details:  → テスト, price: 3000.0 → 2500.0, 価格: 3,000 → 2,500, 詳細:  → テスト');
INSERT INTO history_page VALUES(22,387,2,'編集','2025-02-13 10:05:37.114275','width: 1 → 2, ply_rating: 0 → 2, other_details:  → テスト, 価格: 3,000 → 2,500');
INSERT INTO history_page VALUES(23,394,2,'一括更新','2025-02-13 10:09:19.959021','価格: None → 3000');
INSERT INTO history_page VALUES(24,393,2,'一括更新','2025-02-13 10:09:19.959174','価格: None → 3000');
INSERT INTO history_page VALUES(25,394,2,'一括更新','2025-02-13 10:23:30.068754','価格: 3000.0 → 2500');
INSERT INTO history_page VALUES(26,393,2,'一括更新','2025-02-13 10:23:30.068983','価格: 3000.0 → 2500, 詳細:  → テスト');
INSERT INTO history_page VALUES(27,390,2,'一括更新','2025-02-13 10:23:30.069068','価格: 3000.0 → 2500');
INSERT INTO history_page VALUES(28,389,2,'一括更新','2025-02-13 10:23:30.069155','価格: 2000.0 → 3000, 詳細: テスト → 修正');
INSERT INTO history_page VALUES(29,354,2,'一括更新','2025-02-13 11:12:53.207773','価格: 3000.0 → 2000, 詳細:  → テスト');
INSERT INTO history_page VALUES(30,353,2,'一括更新','2025-02-13 11:12:53.207954','価格: 3000.0 → 2000, 詳細:  → テスト');
INSERT INTO history_page VALUES(31,352,2,'一括更新','2025-02-13 11:12:53.208039','価格: 3000.0 → 2000, 詳細:  → テスト');
INSERT INTO history_page VALUES(32,351,2,'一括更新','2025-02-13 11:12:53.208108','価格: 3000.0 → 2000, 詳細:  → テスト');
INSERT INTO history_page VALUES(33,386,2,'一括更新','2025-02-13 11:30:22.315785','価格: 3000.0 → 2000, 詳細:  → テスト２');
INSERT INTO history_page VALUES(34,385,2,'一括更新','2025-02-13 11:30:22.315886','価格: 3000.0 → 2000, 詳細:  → テスト２');
INSERT INTO history_page VALUES(35,384,2,'一括更新','2025-02-13 11:30:22.315924','価格: 3000.0 → 2000, 詳細:  → テスト２');
INSERT INTO history_page VALUES(36,395,2,'一括更新','2025-02-14 08:42:02.208581','価格: None → 2500, 詳細:  → テスト');
INSERT INTO history_page VALUES(37,394,2,'一括更新','2025-02-14 08:42:02.208904','詳細:  → テスト');
CREATE TABLE DispatchHistory (
    id INTEGER PRIMARY KEY AUTOINCREMENT,
    tire_id INTEGER NOT NULL,
    user_id INTEGER NOT NULL,
    dispatch_date DATETIME NOT NULL,
    dispatch_note TEXT,
    FOREIGN KEY (tire_id) REFERENCES InputPage(id),
    FOREIGN KEY (user_id) REFERENCES User(id)
);
CREATE TABLE DropdownHistory (
    id INTEGER PRIMARY KEY AUTOINCREMENT,
    entity_id INTEGER NOT NULL,
    entity_type TEXT NOT NULL,
    user_id INTEGER NOT NULL,
    change_date DATETIME NOT NULL,
    action TEXT NOT NULL,
    old_value TEXT,
    new_value TEXT,
    FOREIGN KEY (user_id) REFERENCES User(id)
);
CREATE TABLE EditPage (
    id INTEGER PRIMARY KEY AUTOINCREMENT,
    registration_date DATETIME NOT NULL,
    width INTEGER NOT NULL,
    aspect_ratio INTEGER NOT NULL,
    inch INTEGER NOT NULL,
    other_details TEXT,
    manufacturing_year INTEGER,
    manufacturer TEXT NOT NULL,
    tread_depth INTEGER,
    uneven_wear INTEGER,
    ply_rating INTEGER NOT NULL,
    price REAL NOT NULL,
    FOREIGN KEY (aspect_ratio) REFERENCES AspectRatio(id),
    FOREIGN KEY (inch) REFERENCES Inch(id),
    FOREIGN KEY (manufacturer) REFERENCES Manufacturer(id),
    FOREIGN KEY (ply_rating) REFERENCES PlyRating(id),
    FOREIGN KEY (width) REFERENCES Width(id)
);
CREATE TABLE IF NOT EXISTS "input_page" (
    id INTEGER PRIMARY KEY,
    width INTEGER NOT NULL,
    aspect_ratio INTEGER NOT NULL,
    inch INTEGER NOT NULL,
    other_details TEXT,
    manufacturing_year INTEGER,
    manufacturer INTEGER NOT NULL,
    tread_depth INTEGER,
    uneven_wear INTEGER,
    ply_rating INTEGER NOT NULL,
    price FLOAT,
    is_dispatched BOOLEAN,
    registration_date DATETIME  -- ここで明示的に `DATETIME` 型に変更
);
INSERT INTO input_page VALUES(42,1,1,1,'',2022,1,9,0,3,3000.0,1,'2024-12-20 00:00:00');
INSERT INTO input_page VALUES(43,6,6,5,'',22,4,9,0,5,3000.0,0,'2024-12-21 00:00:00');
INSERT INTO input_page VALUES(44,6,6,5,'',23,3,9,0,5,3000.0,0,'2024-12-21 00:00:00');
INSERT INTO input_page VALUES(45,6,6,5,'もうしんどい',23,3,9,0,5,3000.0,0,'2024-12-21 00:00:00');
INSERT INTO input_page VALUES(46,1,1,1,'',22,6,9,0,1,3000.0,1,'2024-12-21 00:00:00');
INSERT INTO input_page VALUES(47,1,1,1,'時間がかかる',22,6,9,0,1,3000.0,1,'2024-12-21 00:00:00');
INSERT INTO input_page VALUES(48,1,1,1,'',22,6,9,0,1,3000.0,1,'2024-12-21 00:00:00');
INSERT INTO input_page VALUES(49,1,1,1,'',22,8,9,0,1,3000.0,1,'2024-12-21 00:00:00');
INSERT INTO input_page VALUES(50,1,1,1,'',22,9,8,0,1,3000.0,1,'2024-12-21 00:00:00');
INSERT INTO input_page VALUES(51,1,1,1,'',22,9,9,0,1,3000.0,1,'2024-12-21 00:00:00');
INSERT INTO input_page VALUES(52,1,1,1,'',22,9,9,0,1,3000.0,1,'2024-12-21 00:00:00');
INSERT INTO input_page VALUES(53,1,1,1,'',23,9,9,0,1,3000.0,1,'2024-12-21 00:00:00');
INSERT INTO input_page VALUES(54,1,1,1,'',23,7,9,0,1,3000.0,1,'2024-12-21 00:00:00');
INSERT INTO input_page VALUES(55,1,1,1,'',24,1,9,0,1,3000.0,1,'2024-12-21 00:00:00');
INSERT INTO input_page VALUES(56,1,1,1,'',24,1,9,0,1,3000.0,1,'2024-12-21 00:00:00');
INSERT INTO input_page VALUES(57,1,1,1,'',24,1,9,0,1,3000.0,1,'2024-12-21 00:00:00');
INSERT INTO input_page VALUES(58,1,1,1,'',23,6,9,0,1,3000.0,1,'2024-12-21 00:00:00');
INSERT INTO input_page VALUES(59,11,8,17,'注意！！',22,5,9,0,4,3000.0,1,'2024-12-21 00:00:00');
INSERT INTO input_page VALUES(60,11,8,17,'補修あり',22,5,9,0,4,3000.0,1,'2024-12-21 00:00:00');
INSERT INTO input_page VALUES(61,1,1,1,'',24,8,9,0,1,3000.0,1,'2024-12-22 00:00:00');
INSERT INTO input_page VALUES(62,1,1,1,'',24,8,9,1,1,3000.0,1,'2024-12-22 00:00:00');
INSERT INTO input_page VALUES(63,1,1,1,'',24,8,9,1,1,3000.0,1,'2024-12-22 00:00:00');
INSERT INTO input_page VALUES(64,1,1,1,'',24,8,7,2,1,3000.0,1,'2024-12-22 00:00:00');
INSERT INTO input_page VALUES(65,1,1,1,'テスト用',22,2,9,2,4,3000.0,1,'2024-12-22 00:00:00');
INSERT INTO input_page VALUES(66,1,1,1,'プライ検索用',22,5,8,1,4,3000.0,1,'2024-12-22 00:00:00');
INSERT INTO input_page VALUES(67,1,1,1,'プライ検索用',22,6,9,0,4,3000.0,1,'2024-12-22 00:00:00');
INSERT INTO input_page VALUES(68,1,1,1,'プライ検索用',24,8,9,0,4,3000.0,1,'2024-12-22 00:00:00');
INSERT INTO input_page VALUES(69,1,1,1,'',22,6,10,0,1,3000.0,1,'2024-12-23 00:00:00');
INSERT INTO input_page VALUES(70,1,1,1,'',22,6,10,0,1,3000.0,1,'2024-12-23 00:00:00');
INSERT INTO input_page VALUES(71,1,1,1,'',22,6,10,0,1,3000.0,1,'2024-12-23 00:00:00');
INSERT INTO input_page VALUES(72,1,1,1,'',22,6,10,0,1,3000.0,1,'2024-12-23 00:00:00');
INSERT INTO input_page VALUES(73,1,1,1,'',22,6,10,0,1,3000.0,1,'2024-12-23 00:00:00');
INSERT INTO input_page VALUES(74,1,1,1,'',24,2,9,0,1,3000.0,1,'2024-12-27 00:00:00');
INSERT INTO input_page VALUES(75,1,1,1,'',24,2,9,0,1,3000.0,1,'2024-12-27 00:00:00');
INSERT INTO input_page VALUES(76,1,1,1,'',24,1,9,0,1,3000.0,1,'2024-12-27 00:00:00');
INSERT INTO input_page VALUES(77,1,1,1,'',24,1,9,0,1,3000.0,1,'2024-12-27 00:00:00');
INSERT INTO input_page VALUES(78,1,1,1,'',24,6,9,0,1,3000.0,1,'2024-12-27 00:00:00');
INSERT INTO input_page VALUES(79,1,1,1,'',24,8,9,0,1,3000.0,1,'2024-12-27 00:00:00');
INSERT INTO input_page VALUES(80,1,1,1,'',24,8,9,0,1,3000.0,1,'2024-12-27 00:00:00');
INSERT INTO input_page VALUES(81,1,1,1,'',24,1,9,0,1,3000.0,1,'2024-12-28 00:00:00');
INSERT INTO input_page VALUES(82,1,1,1,'',24,1,9,0,1,3000.0,1,'2024-12-28 00:00:00');
INSERT INTO input_page VALUES(83,1,1,1,'',22,1,9,0,1,3000.0,1,'2024-12-28 00:00:00');
INSERT INTO input_page VALUES(84,1,1,1,'',24,7,9,0,1,3000.0,1,'2024-12-28 00:00:00');
INSERT INTO input_page VALUES(85,1,1,1,'',22,6,9,0,1,3000.0,1,'2024-12-28 00:00:00');
INSERT INTO input_page VALUES(86,1,1,1,'',24,6,9,0,1,3000.0,1,'2024-12-28 00:00:00');
INSERT INTO input_page VALUES(87,1,1,1,'',25,5,9,0,1,3000.0,1,'2024-12-28 00:00:00');
INSERT INTO input_page VALUES(88,1,1,1,'',24,6,9,0,1,3000.0,1,'2024-12-28 00:00:00');
INSERT INTO input_page VALUES(89,1,1,1,'',24,6,9,0,1,3000.0,1,'2024-12-28 00:00:00');
INSERT INTO input_page VALUES(90,1,1,1,'',24,9,9,0,1,3000.0,1,'2024-12-28 00:00:00');
INSERT INTO input_page VALUES(91,1,1,1,'',2023,4,10,0,0,3000.0,1,'2024-12-31 00:00:00');
INSERT INTO input_page VALUES(92,1,1,1,'',2022,1,10,0,0,3000.0,1,'2024-12-31 00:00:00');
INSERT INTO input_page VALUES(93,1,1,1,'',2022,2,10,0,0,3000.0,1,'2024-12-31 00:00:00');
INSERT INTO input_page VALUES(94,1,1,1,'',2022,1,10,0,0,3000.0,1,'2025-01-02 00:00:00');
INSERT INTO input_page VALUES(95,1,1,1,'',2022,1,10,0,0,3000.0,1,'2025-01-02 00:00:00');
INSERT INTO input_page VALUES(96,1,1,1,'',2022,3,9,0,0,3000.0,1,'2025-01-02 00:00:00');
INSERT INTO input_page VALUES(97,1,1,1,'',2023,4,9,0,0,3000.0,1,'2025-01-02 00:00:00');
INSERT INTO input_page VALUES(98,1,1,1,'',2022,4,10,0,0,3000.0,1,'2025-01-02 00:00:00');
INSERT INTO input_page VALUES(99,1,1,1,'',2023,4,8,0,0,3000.0,1,'2025-01-02 00:00:00');
INSERT INTO input_page VALUES(100,1,1,1,'',2024,3,9,0,0,3000.0,1,'2025-01-02 00:00:00');
INSERT INTO input_page VALUES(101,1,1,1,'',2023,2,8,1,0,3000.0,1,'2025-01-02 00:00:00');
INSERT INTO input_page VALUES(102,1,1,1,'',2022,3,8,0,0,3000.0,1,'2025-01-02 00:00:00');
INSERT INTO input_page VALUES(103,1,1,1,'',2024,2,9,0,0,3000.0,1,'2025-01-02 00:00:00');
INSERT INTO input_page VALUES(104,1,1,1,'',2023,5,9,0,0,3000.0,1,'2025-01-02 00:00:00');
INSERT INTO input_page VALUES(105,1,1,1,'',2023,6,10,0,0,3000.0,1,'2025-01-02 00:00:00');
INSERT INTO input_page VALUES(106,1,1,1,'',2023,5,9,0,0,3000.0,1,'2025-01-02 00:00:00');
INSERT INTO input_page VALUES(107,1,1,1,'',2022,1,10,0,0,3000.0,1,'2025-01-02 00:00:00');
INSERT INTO input_page VALUES(108,1,1,1,'',0,1,10,0,0,3000.0,1,'2025-01-03 00:00:00');
INSERT INTO input_page VALUES(109,1,1,1,'',NULL,2,10,0,0,3000.0,1,'2025-01-03 00:00:00');
INSERT INTO input_page VALUES(110,1,1,1,'',2023,2,10,0,0,3000.0,1,'2025-01-05 00:00:00');
INSERT INTO input_page VALUES(111,1,1,1,'',2023,2,9,1,0,3000.0,1,'2025-01-05 00:00:00');
INSERT INTO input_page VALUES(112,1,1,1,'',2023,4,9,0,0,3000.0,1,'2025-01-05 00:00:00');
INSERT INTO input_page VALUES(113,1,1,1,'',2024,6,9,0,0,3000.0,1,'2025-01-05 00:00:00');
INSERT INTO input_page VALUES(114,1,1,1,'',2023,2,10,0,0,3000.0,1,'2025-01-05 00:00:00');
INSERT INTO input_page VALUES(115,1,1,1,'',2022,1,10,0,0,2000.0,1,'2025-01-06 00:00:00');
INSERT INTO input_page VALUES(116,1,1,1,'',2022,13,8,0,0,2500.0,1,'2025-01-08 00:00:00');
INSERT INTO input_page VALUES(117,1,1,1,'',2022,1,10,0,0,3000.0,1,'2025-01-09 00:00:00');
INSERT INTO input_page VALUES(118,0,0,0,'',0,0,0,0,0,3000.0,0,'2025-01-09 00:00:00');
INSERT INTO input_page VALUES(119,1,1,1,'',2022,1,10,0,0,3000.0,1,'2025-01-09 00:00:00');
INSERT INTO input_page VALUES(120,1,1,1,'',2023,2,10,0,0,3000.0,1,'2025-01-09 00:00:00');
INSERT INTO input_page VALUES(121,0,0,0,'',0,0,0,0,0,3000.0,0,'2025-01-09 00:00:00');
INSERT INTO input_page VALUES(122,1,1,1,'',2024,5,7,0,0,2500.0,1,'2025-01-09 00:00:00');
INSERT INTO input_page VALUES(123,1,1,1,'',2022,1,10,0,0,3000.0,1,'2025-01-09 00:00:00');
INSERT INTO input_page VALUES(124,1,1,1,'',2022,2,10,0,0,3000.0,1,'2025-01-09 00:00:00');
INSERT INTO input_page VALUES(125,1,1,1,'',2022,1,10,0,0,3000.0,1,'2025-01-09 00:00:00');
INSERT INTO input_page VALUES(126,1,1,1,'',2022,1,10,0,0,3000.0,1,'2025-01-09 00:00:00');
INSERT INTO input_page VALUES(127,1,1,1,'',2022,1,10,0,0,3000.0,1,'2025-01-09 00:00:00');
INSERT INTO input_page VALUES(128,1,1,1,'',2024,7,9,0,0,2500.0,1,'2025-01-09 00:00:00');
INSERT INTO input_page VALUES(129,1,1,1,'',2022,1,8,0,0,3000.0,1,'2025-01-09 00:00:00');
INSERT INTO input_page VALUES(130,1,1,1,'',2022,3,10,0,0,3000.0,1,'2025-01-10 00:00:00');
INSERT INTO input_page VALUES(131,1,1,1,'',2022,3,10,0,0,3000.0,1,'2025-01-10 00:00:00');
INSERT INTO input_page VALUES(132,1,1,1,'',2022,6,10,1,0,3000.0,1,'2025-01-10 00:00:00');
INSERT INTO input_page VALUES(133,1,1,1,'',2022,2,10,0,0,3000.0,1,'2025-01-10 00:00:00');
INSERT INTO input_page VALUES(134,1,1,1,'',2022,1,10,0,0,3000.0,1,'2025-01-11 00:00:00');
INSERT INTO input_page VALUES(135,1,1,1,'',2022,1,10,0,0,3000.0,1,'2025-01-11 00:00:00');
INSERT INTO input_page VALUES(136,1,1,1,'',2022,1,10,0,0,3000.0,1,'2025-01-11 00:00:00');
INSERT INTO input_page VALUES(137,1,1,1,'',2022,1,10,0,0,3000.0,1,'2025-01-11 00:00:00');
INSERT INTO input_page VALUES(138,1,1,1,'',2022,1,10,0,0,3000.0,1,'2025-01-11 00:00:00');
INSERT INTO input_page VALUES(139,1,1,1,'',0,1,7,2,0,3000.0,1,'2025-01-11 00:00:00');
INSERT INTO input_page VALUES(140,1,1,1,'',NULL,4,7,3,0,3000.0,1,'2025-01-11 00:00:00');
INSERT INTO input_page VALUES(141,1,1,1,'なかなかうまくいかん',NULL,7,7,3,0,3000.0,1,'2025-01-11 00:00:00');
INSERT INTO input_page VALUES(142,1,1,1,'テスト',2022,10,5,2,1,3000.0,1,'2025-01-11 00:00:00');
INSERT INTO input_page VALUES(143,1,1,1,'テスト',2022,10,5,2,1,3000.0,1,'2025-01-11 00:00:00');
INSERT INTO input_page VALUES(144,1,1,1,'テスト',2022,10,5,2,1,3000.0,1,'2025-01-11 00:00:00');
INSERT INTO input_page VALUES(145,1,1,1,'テスト',2022,10,5,2,1,3000.0,1,'2025-01-11 00:00:00');
INSERT INTO input_page VALUES(146,1,1,1,'',0,11,7,2,0,3000.0,1,'2025-01-11 00:00:00');
INSERT INTO input_page VALUES(147,1,1,1,'',2024,11,7,2,0,3000.0,1,'2025-01-11 00:00:00');
INSERT INTO input_page VALUES(148,1,1,1,'',2024,11,NULL,NULL,0,3000.0,1,'2025-01-11 00:00:00');
INSERT INTO input_page VALUES(149,1,1,1,'',NULL,11,NULL,NULL,0,3000.0,1,'2025-01-11 00:00:00');
INSERT INTO input_page VALUES(150,1,1,1,'テスト',2025,13,3,2,0,3000.0,1,'2025-01-11 00:00:00');
INSERT INTO input_page VALUES(151,1,1,1,'テスト',2023,13,3,3,0,3000.0,1,'2025-01-11 00:00:00');
INSERT INTO input_page VALUES(152,1,1,1,'テスト',2022,13,3,3,0,3000.0,1,'2025-01-11 00:00:00');
INSERT INTO input_page VALUES(153,1,1,1,'テスト',NULL,13,3,3,0,3000.0,1,'2025-01-11 00:00:00');
INSERT INTO input_page VALUES(154,1,1,1,'',0,1,3,2,0,3000.0,1,'2025-01-11 00:00:00');
INSERT INTO input_page VALUES(155,1,1,1,'',2023,1,8,NULL,0,3000.0,1,'2025-01-11 00:00:00');
INSERT INTO input_page VALUES(156,1,1,1,'',2022,1,NULL,NULL,0,3000.0,1,'2025-01-11 00:00:00');
INSERT INTO input_page VALUES(157,1,1,1,'',NULL,1,NULL,NULL,0,3000.0,1,'2025-01-11 00:00:00');
INSERT INTO input_page VALUES(158,1,1,1,'',2025,6,3,2,0,3000.0,1,'2025-01-11 00:00:00');
INSERT INTO input_page VALUES(159,1,1,1,'',2023,6,3,3,0,3000.0,1,'2025-01-11 00:00:00');
INSERT INTO input_page VALUES(160,1,1,1,'',NULL,6,3,3,0,3000.0,1,'2025-01-11 00:00:00');
INSERT INTO input_page VALUES(161,1,1,1,'',NULL,6,NULL,NULL,0,3000.0,1,'2025-01-11 00:00:00');
INSERT INTO input_page VALUES(162,1,1,1,'',NULL,6,NULL,NULL,0,3000.0,1,'2025-01-11 00:00:00');
INSERT INTO input_page VALUES(163,1,1,1,'',2022,1,3,2,0,3000.0,1,'2025-01-11 00:00:00');
INSERT INTO input_page VALUES(164,1,1,1,'',2023,12,3,3,0,3000.0,1,'2025-01-11 00:00:00');
INSERT INTO input_page VALUES(165,1,1,1,'',2025,12,3,3,0,3000.0,1,'2025-01-11 00:00:00');
INSERT INTO input_page VALUES(166,1,1,1,'',NULL,12,NULL,3,0,3000.0,1,'2025-01-11 00:00:00');
INSERT INTO input_page VALUES(167,1,1,1,'',NULL,12,NULL,NULL,0,3000.0,1,'2025-01-11 00:00:00');
INSERT INTO input_page VALUES(168,1,1,1,'',NULL,12,NULL,NULL,0,3000.0,1,'2025-01-11 00:00:00');
INSERT INTO input_page VALUES(169,1,1,1,'',NULL,2,NULL,NULL,0,3000.0,1,'2025-01-11 00:00:00');
INSERT INTO input_page VALUES(170,1,1,1,'',0,5,3,0,0,3000.0,1,'2025-01-11 00:00:00');
INSERT INTO input_page VALUES(171,1,1,1,'',2022,5,3,0,0,3000.0,1,'2025-01-11 00:00:00');
INSERT INTO input_page VALUES(172,1,1,1,'',NULL,5,3,0,0,3000.0,1,'2025-01-11 00:00:00');
INSERT INTO input_page VALUES(173,1,1,1,'',NULL,5,3,3,0,3000.0,1,'2025-01-11 00:00:00');
INSERT INTO input_page VALUES(174,1,1,1,'',2025,9,10,2,0,3000.0,1,'2025-01-11 00:00:00');
INSERT INTO input_page VALUES(175,1,1,1,'テスト',2022,9,10,0,0,3000.0,1,'2025-01-11 00:00:00');
INSERT INTO input_page VALUES(176,1,1,1,'',2023,8,3,2,0,3000.0,1,'2025-01-12 00:00:00');
INSERT INTO input_page VALUES(177,1,1,1,'',2024,8,3,0,0,3000.0,1,'2025-01-12 00:00:00');
INSERT INTO input_page VALUES(178,1,1,1,'',2022,12,3,3,0,3000.0,1,'2025-01-12 00:00:00');
INSERT INTO input_page VALUES(179,1,1,1,'',NULL,12,NULL,NULL,0,3000.0,1,'2025-01-12 00:00:00');
INSERT INTO input_page VALUES(180,1,1,1,'',2022,1,3,3,0,3000.0,1,'2025-01-12 00:00:00');
INSERT INTO input_page VALUES(181,1,1,1,'',2023,13,3,0,0,3000.0,1,'2025-01-12 00:00:00');
INSERT INTO input_page VALUES(182,1,1,1,'',2024,13,3,3,0,3000.0,1,'2025-01-12 00:00:00');
INSERT INTO input_page VALUES(183,1,1,1,'',2024,13,3,0,0,3000.0,1,'2025-01-12 00:00:00');
INSERT INTO input_page VALUES(184,1,1,1,'',2025,13,3,3,0,3000.0,1,'2025-01-12 00:00:00');
INSERT INTO input_page VALUES(185,1,1,1,'',2025,13,3,0,0,3000.0,1,'2025-01-12 00:00:00');
INSERT INTO input_page VALUES(186,1,1,1,'',2025,13,3,3,0,3000.0,1,'2025-01-12 00:00:00');
INSERT INTO input_page VALUES(187,1,1,1,'',2024,5,4,3,0,3000.0,1,'2025-01-12 00:00:00');
INSERT INTO input_page VALUES(188,1,1,1,'None',2024,5,4,0,0,3000.0,1,'2025-01-12 00:00:00');
INSERT INTO input_page VALUES(189,1,1,1,'',2024,13,3,3,0,3000.0,1,'2025-01-12 00:00:00');
INSERT INTO input_page VALUES(190,1,1,1,'None',2024,13,3,0,0,3000.0,1,'2025-01-12 00:00:00');
INSERT INTO input_page VALUES(191,1,1,1,'',2024,12,3,3,0,3000.0,1,'2025-01-12 00:00:00');
INSERT INTO input_page VALUES(192,1,1,1,'None',2024,12,3,0,0,3000.0,1,'2025-01-12 00:00:00');
INSERT INTO input_page VALUES(193,1,1,1,'None',2025,10,3,3,0,3000.0,1,'2025-01-12 00:00:00');
INSERT INTO input_page VALUES(194,1,1,1,'',2024,9,7,2,0,3000.0,1,'2025-01-12 00:00:00');
INSERT INTO input_page VALUES(195,1,1,1,'',2024,9,7,2,0,3000.0,1,'2025-01-12 00:00:00');
INSERT INTO input_page VALUES(196,1,1,1,'',2025,9,7,2,0,3000.0,1,'2025-01-12 00:00:00');
INSERT INTO input_page VALUES(197,1,1,1,'',2022,2,10,0,0,3000.0,1,'2025-01-12 00:00:00');
INSERT INTO input_page VALUES(198,1,1,1,'',2022,2,10,0,0,3000.0,1,'2025-01-12 00:00:00');
INSERT INTO input_page VALUES(199,1,1,1,'',2022,2,10,0,0,3000.0,1,'2025-01-12 00:00:00');
INSERT INTO input_page VALUES(200,1,1,1,'',2022,1,10,0,0,3000.0,1,'2025-01-12 00:00:00');
INSERT INTO input_page VALUES(201,1,1,1,'',2023,2,3,3,0,3000.0,1,'2025-01-12 00:00:00');
INSERT INTO input_page VALUES(202,1,1,1,'',2022,3,9,0,0,3000.0,1,'2025-01-12 00:00:00');
INSERT INTO input_page VALUES(203,1,1,1,'None',NULL,4,NULL,NULL,0,3000.0,1,'2025-01-12 00:00:00');
INSERT INTO input_page VALUES(204,1,1,1,'',2022,1,10,0,0,3000.0,1,'2025-01-12 00:00:00');
INSERT INTO input_page VALUES(205,1,1,1,'',2022,1,10,0,0,3000.0,1,'2025-01-12 00:00:00');
INSERT INTO input_page VALUES(206,1,1,1,'',NULL,1,10,0,0,3000.0,1,'2025-01-12 00:00:00');
INSERT INTO input_page VALUES(207,1,1,1,'',2022,1,10,0,0,3000.0,1,'2025-01-12 00:00:00');
INSERT INTO input_page VALUES(208,1,1,1,'',2022,1,10,0,0,3000.0,1,'2025-01-12 00:00:00');
INSERT INTO input_page VALUES(209,1,1,1,'',2022,1,10,0,0,3000.0,1,'2025-01-12 00:00:00');
INSERT INTO input_page VALUES(210,1,1,1,'',2022,1,10,0,0,3000.0,1,'2025-01-12 00:00:00');
INSERT INTO input_page VALUES(211,1,1,1,'',2022,1,10,0,0,3000.0,1,'2025-01-12 00:00:00');
INSERT INTO input_page VALUES(212,1,1,1,'',2022,1,10,0,0,3000.0,1,'2025-01-12 00:00:00');
INSERT INTO input_page VALUES(213,1,1,1,'',2022,2,10,0,0,3000.0,1,'2025-01-12 00:00:00');
INSERT INTO input_page VALUES(214,1,1,1,'',2022,3,10,0,0,3000.0,1,'2025-01-12 00:00:00');
INSERT INTO input_page VALUES(215,1,1,1,'',2022,4,10,0,0,2000.0,1,'2025-01-12 00:00:00');
INSERT INTO input_page VALUES(216,1,1,1,'',2022,5,10,0,0,3000.0,1,'2025-01-12 00:00:00');
INSERT INTO input_page VALUES(217,1,1,1,'None',NULL,6,NULL,NULL,0,3000.0,1,'2025-01-12 00:00:00');
INSERT INTO input_page VALUES(218,1,1,1,'',2022,1,10,0,0,3000.0,1,'2025-01-12 00:00:00');
INSERT INTO input_page VALUES(219,1,1,1,'',2022,1,10,0,0,3000.0,1,'2025-01-12 00:00:00');
INSERT INTO input_page VALUES(220,1,1,1,'',2022,1,10,0,0,3000.0,1,'2025-01-12 00:00:00');
INSERT INTO input_page VALUES(221,1,1,1,'None',2022,1,10,0,0,3000.0,1,'2025-01-12 00:00:00');
INSERT INTO input_page VALUES(222,1,1,1,'None',2022,1,10,0,0,3000.0,1,'2025-01-12 00:00:00');
INSERT INTO input_page VALUES(223,1,1,1,'None',2025,8,4,1,1,3000.0,1,'2025-01-12 00:00:00');
INSERT INTO input_page VALUES(224,1,1,1,'テスト',2022,13,10,0,0,3000.0,1,'2025-01-12 00:00:00');
INSERT INTO input_page VALUES(225,1,1,1,'テスト',2022,13,10,3,0,3000.0,1,'2025-01-12 00:00:00');
INSERT INTO input_page VALUES(226,1,1,1,'テスト',2022,13,8,3,0,3000.0,1,'2025-01-12 00:00:00');
INSERT INTO input_page VALUES(227,1,1,1,'None',2023,13,9,1,0,3000.0,1,'2025-01-12 00:00:00');
INSERT INTO input_page VALUES(228,1,1,1,'テスト',2023,4,8,2,0,3000.0,1,'2025-01-12 00:00:00');
INSERT INTO input_page VALUES(229,1,1,1,'テスト',2023,4,8,2,0,3000.0,1,'2025-01-12 00:00:00');
INSERT INTO input_page VALUES(230,1,1,1,'テスト',2023,4,8,1,0,3000.0,1,'2025-01-12 00:00:00');
INSERT INTO input_page VALUES(231,1,1,1,'',2023,4,9,1,0,3000.0,1,'2025-01-12 00:00:00');
INSERT INTO input_page VALUES(232,1,1,1,'',2023,7,9,1,0,3000.0,1,'2025-01-12 00:00:00');
INSERT INTO input_page VALUES(233,1,1,1,'',NULL,2,9,NULL,0,3000.0,1,'2025-01-12 00:00:00');
INSERT INTO input_page VALUES(234,1,1,1,'',2022,1,10,-1,0,3000.0,1,'2025-01-12 00:00:00');
INSERT INTO input_page VALUES(235,1,1,1,'',2022,12,5,1,0,3000.0,1,'2025-01-12 00:00:00');
INSERT INTO input_page VALUES(236,1,1,1,'',NULL,12,0,-1,0,3000.0,1,'2025-01-12 00:00:00');
INSERT INTO input_page VALUES(237,1,1,1,'',2023,6,3,3,0,3000.0,1,'2025-01-12 00:00:00');
INSERT INTO input_page VALUES(238,1,1,1,'テスト',NULL,6,0,-1,0,3000.0,1,'2025-01-12 00:00:00');
INSERT INTO input_page VALUES(239,1,1,1,'テスト',2022,1,10,0,0,3000.0,1,'2025-01-12 00:00:00');
INSERT INTO input_page VALUES(240,1,1,1,'',2022,1,10,0,0,3000.0,1,'2025-01-12 00:00:00');
INSERT INTO input_page VALUES(241,1,1,1,'',2023,2,10,1,0,3000.0,1,'2025-01-12 00:00:00');
INSERT INTO input_page VALUES(242,1,1,1,'',2023,4,7,-1,0,3000.0,1,'2025-01-12 00:00:00');
INSERT INTO input_page VALUES(243,1,1,1,'',2022,1,10,1,0,3000.0,1,'2025-01-12 00:00:00');
INSERT INTO input_page VALUES(244,1,1,1,'',2022,13,3,3,0,3000.0,1,'2025-01-12 00:00:00');
INSERT INTO input_page VALUES(245,1,1,1,'',2022,1,10,0,0,3000.0,1,'2025-01-12 00:00:00');
INSERT INTO input_page VALUES(246,1,1,1,'',2023,2,10,0,0,3000.0,1,'2025-01-12 00:00:00');
INSERT INTO input_page VALUES(247,1,1,1,'',2024,9,8,2,0,3000.0,1,'2025-01-12 00:00:00');
INSERT INTO input_page VALUES(248,1,1,1,'',2024,2,9,0,0,3000.0,1,'2025-01-12 00:00:00');
INSERT INTO input_page VALUES(249,1,1,1,'',2024,2,9,0,0,3000.0,1,'2025-01-12 00:00:00');
INSERT INTO input_page VALUES(250,1,1,1,'',2024,2,0,-1,0,3000.0,1,'2025-01-12 00:00:00');
INSERT INTO input_page VALUES(251,1,1,1,'',2022,1,10,0,0,3000.0,1,'2025-01-12 00:00:00');
INSERT INTO input_page VALUES(252,1,1,1,'',2022,3,3,3,0,3000.0,1,'2025-01-12 00:00:00');
INSERT INTO input_page VALUES(253,1,1,1,'',2024,3,0,-1,0,3000.0,1,'2025-01-12 00:00:00');
INSERT INTO input_page VALUES(254,1,1,1,'',2023,13,3,3,0,3000.0,1,'2025-01-12 00:00:00');
INSERT INTO input_page VALUES(255,1,1,1,'',2023,13,5,3,0,3000.0,1,'2025-01-12 00:00:00');
INSERT INTO input_page VALUES(256,1,1,1,'',NULL,13,0,-1,0,3000.0,1,'2025-01-12 00:00:00');
INSERT INTO input_page VALUES(257,1,1,1,'',NULL,13,0,-1,0,3000.0,1,'2025-01-12 00:00:00');
INSERT INTO input_page VALUES(258,1,1,1,'',2022,8,3,3,0,3000.0,1,'2025-01-12 00:00:00');
INSERT INTO input_page VALUES(259,1,1,1,'',2022,8,3,3,0,3000.0,1,'2025-01-12 00:00:00');
INSERT INTO input_page VALUES(260,1,1,1,'',2024,8,4,2,0,3000.0,1,'2025-01-12 00:00:00');
INSERT INTO input_page VALUES(261,1,1,1,'',2022,10,4,2,0,3000.0,1,'2025-01-12 00:00:00');
INSERT INTO input_page VALUES(262,1,1,1,'',2024,10,3,0,0,3000.0,1,'2025-01-12 00:00:00');
INSERT INTO input_page VALUES(263,1,1,1,'',NULL,6,0,-1,0,3000.0,1,'2025-01-12 00:00:00');
INSERT INTO input_page VALUES(264,1,1,1,'None',NULL,6,0,-1,0,3000.0,1,'2025-01-12 00:00:00');
INSERT INTO input_page VALUES(265,1,1,1,'',2022,7,9,1,0,2500.0,1,'2025-01-12 00:00:00');
INSERT INTO input_page VALUES(266,1,1,1,'',2022,1,10,0,0,3000.0,1,'2025-01-12 00:00:00');
INSERT INTO input_page VALUES(267,1,1,1,'',2023,7,9,1,0,3000.0,1,'2025-01-12 00:00:00');
INSERT INTO input_page VALUES(268,1,1,1,'',2022,1,10,0,0,3000.0,1,'2025-01-12 00:00:00');
INSERT INTO input_page VALUES(269,1,1,1,'',2022,7,9,1,0,2500.0,1,'2025-01-12 00:00:00');
INSERT INTO input_page VALUES(270,1,1,1,'',2022,1,5,1,0,3000.0,1,'2025-01-13 00:00:00');
INSERT INTO input_page VALUES(271,1,1,1,'',2022,1,5,1,0,3000.0,1,'2025-01-13 00:00:00');
INSERT INTO input_page VALUES(272,1,1,1,'',2022,1,8,2,0,3000.0,1,'2025-01-13 00:00:00');
INSERT INTO input_page VALUES(273,1,1,1,'',2022,1,8,1,0,3000.0,1,'2025-01-13 00:00:00');
INSERT INTO input_page VALUES(274,1,1,1,'',2023,2,3,3,0,3000.0,1,'2025-01-13 00:00:00');
INSERT INTO input_page VALUES(275,1,1,1,'',2023,2,3,3,0,3000.0,1,'2025-01-13 00:00:00');
INSERT INTO input_page VALUES(276,1,1,1,'',2023,2,4,2,0,3000.0,1,'2025-01-13 00:00:00');
INSERT INTO input_page VALUES(277,1,1,1,'',2024,2,3,0,0,3000.0,1,'2025-01-13 00:00:00');
INSERT INTO input_page VALUES(278,1,1,1,'',2024,13,9,0,0,3000.0,1,'2025-01-13 00:00:00');
INSERT INTO input_page VALUES(279,1,1,1,'',2023,13,3,3,0,3000.0,1,'2025-01-13 00:00:00');
INSERT INTO input_page VALUES(280,1,1,1,'',2022,5,8,2,0,3000.0,1,'2025-01-13 00:00:00');
INSERT INTO input_page VALUES(281,1,1,1,'',2024,2,7,2,0,3000.0,1,'2025-01-13 00:00:00');
INSERT INTO input_page VALUES(282,1,1,1,'',2023,9,3,3,0,3000.0,1,'2025-01-13 00:00:00');
INSERT INTO input_page VALUES(283,1,1,1,'',2025,3,3,3,0,3000.0,1,'2025-01-13 00:00:00');
INSERT INTO input_page VALUES(284,1,1,1,'',2022,6,3,3,0,3000.0,1,'2025-01-13 00:00:00');
INSERT INTO input_page VALUES(285,1,1,1,'',2022,13,8,1,0,3000.0,1,'2025-01-14 00:00:00');
INSERT INTO input_page VALUES(286,1,1,1,'',2022,12,5,2,0,3000.0,1,'2025-01-14 00:00:00');
INSERT INTO input_page VALUES(287,1,1,1,'',2022,12,5,2,0,3000.0,1,'2025-01-14 00:00:00');
INSERT INTO input_page VALUES(288,1,1,1,'',2022,1,10,0,0,3000.0,0,'2025-01-14 00:00:00');
INSERT INTO input_page VALUES(289,1,1,1,'',2024,12,3,3,0,3000.0,0,'2025-01-14 00:00:00');
INSERT INTO input_page VALUES(290,1,1,1,'',2024,12,3,3,0,3000.0,0,'2025-01-14 00:00:00');
INSERT INTO input_page VALUES(291,1,1,1,'',2023,9,7,2,0,3000.0,0,'2025-01-14 00:00:00');
INSERT INTO input_page VALUES(292,1,1,1,'',2023,9,7,2,0,3000.0,0,'2025-01-14 00:00:00');
INSERT INTO input_page VALUES(293,1,1,1,'',2023,10,10,0,0,3000.0,0,'2025-01-14 00:00:00');
INSERT INTO input_page VALUES(294,1,1,1,'',2025,12,3,3,0,3000.0,0,'2025-01-14 00:00:00');
INSERT INTO input_page VALUES(295,1,1,1,'',2025,12,3,3,0,3000.0,0,'2025-01-14 00:00:00');
INSERT INTO input_page VALUES(296,1,1,1,'',2022,2,10,0,0,3000.0,0,'2025-01-14 00:00:00');
INSERT INTO input_page VALUES(297,1,1,1,'',2022,1,10,0,0,3000.0,0,'2025-01-14 00:00:00');
INSERT INTO input_page VALUES(298,1,1,1,'',2022,6,10,0,0,3000.0,0,'2025-01-14 00:00:00');
INSERT INTO input_page VALUES(299,1,1,1,'',2022,6,10,0,0,3000.0,0,'2025-01-14 00:00:00');
INSERT INTO input_page VALUES(300,1,1,1,'',2022,6,10,0,0,3000.0,0,'2025-01-14 00:00:00');
INSERT INTO input_page VALUES(301,1,1,1,'',2022,6,10,0,0,3000.0,0,'2025-01-14 00:00:00');
INSERT INTO input_page VALUES(302,1,1,1,'',2024,5,5,2,0,3000.0,0,'2025-01-14 00:00:00');
INSERT INTO input_page VALUES(303,1,1,1,'',2022,3,10,0,0,3000.0,0,'2025-01-14 00:00:00');
INSERT INTO input_page VALUES(304,1,1,1,'',2022,3,10,0,0,3000.0,0,'2025-01-14 00:00:00');
INSERT INTO input_page VALUES(305,1,1,1,'',2022,3,10,0,0,3000.0,0,'2025-01-14 00:00:00');
INSERT INTO input_page VALUES(306,1,1,1,'',2022,1,10,0,0,3000.0,0,'2025-01-26 00:00:00');
INSERT INTO input_page VALUES(307,1,1,1,'',2022,1,10,0,0,3000.0,0,'2025-01-26 00:00:00');
INSERT INTO input_page VALUES(308,1,1,1,'',2023,2,9,1,0,3000.0,0,'2025-01-26 00:00:00');
INSERT INTO input_page VALUES(309,1,1,1,'',2023,8,7,1,0,3000.0,0,'2025-01-26 00:00:00');
INSERT INTO input_page VALUES(310,1,1,1,'',2023,8,7,1,0,3000.0,0,'2025-01-26 00:00:00');
INSERT INTO input_page VALUES(311,1,1,1,'',2023,9,7,1,0,3000.0,0,'2025-01-26 00:00:00');
INSERT INTO input_page VALUES(312,1,1,1,'',2022,12,8,1,0,3000.0,0,'2025-01-26 00:00:00');
INSERT INTO input_page VALUES(313,1,1,1,'',2024,9,10,2,0,3000.0,0,'2025-01-28 00:00:00');
INSERT INTO input_page VALUES(314,1,1,1,'',2023,9,7,2,0,3000.0,0,'2025-01-28 00:00:00');
INSERT INTO input_page VALUES(315,1,1,1,'',2023,13,8,2,0,3000.0,0,'2025-01-28 00:00:00');
INSERT INTO input_page VALUES(316,1,1,1,'',2022,10,8,1,0,3000.0,0,'2025-01-29 00:00:00');
INSERT INTO input_page VALUES(317,1,1,1,'',2022,10,9,1,0,3000.0,0,'2025-01-29 00:00:00');
INSERT INTO input_page VALUES(318,1,1,1,'',2022,3,8,2,0,3000.0,0,'2025-01-29 00:00:00');
INSERT INTO input_page VALUES(319,1,1,1,'',2024,3,9,1,0,3000.0,0,'2025-01-29 00:00:00');
INSERT INTO input_page VALUES(320,1,1,1,'',2024,3,8,2,0,3000.0,0,'2025-01-29 00:00:00');
INSERT INTO input_page VALUES(321,1,1,1,'',2022,8,8,3,0,3000.0,0,'2025-01-29 00:00:00');
INSERT INTO input_page VALUES(322,1,1,1,'',2022,8,9,3,0,3000.0,0,'2025-01-29 00:00:00');
INSERT INTO input_page VALUES(323,1,1,1,'',2023,13,3,3,0,3000.0,0,'2025-01-29 00:00:00');
INSERT INTO input_page VALUES(324,1,1,1,'',2023,13,3,3,0,3000.0,0,'2025-01-29 00:00:00');
INSERT INTO input_page VALUES(325,1,1,1,'',2024,12,7,0,0,3000.0,0,'2025-01-29 00:00:00');
INSERT INTO input_page VALUES(326,1,1,1,'',2024,12,9,1,0,3000.0,0,'2025-01-29 00:00:00');
INSERT INTO input_page VALUES(327,1,1,1,'',2024,4,7,2,0,3000.0,0,'2025-01-29 00:00:00');
INSERT INTO input_page VALUES(328,1,1,1,'',2024,4,8,1,0,3000.0,0,'2025-01-29 00:00:00');
INSERT INTO input_page VALUES(329,1,1,1,'',2022,3,8,2,0,3000.0,0,'2025-01-29 00:00:00');
INSERT INTO input_page VALUES(330,1,1,1,'',2022,3,10,0,0,3000.0,0,'2025-01-29 00:00:00');
INSERT INTO input_page VALUES(331,1,1,1,'',2022,11,10,0,0,3000.0,0,'2025-01-29 00:00:00');
INSERT INTO input_page VALUES(332,1,1,1,'',0,11,10,0,0,3000.0,0,'2025-01-29 00:00:00');
INSERT INTO input_page VALUES(333,1,1,1,'',2022,2,5,3,0,3000.0,0,'2025-01-29 00:00:00');
INSERT INTO input_page VALUES(334,1,1,1,'',2022,2,9,1,0,3000.0,0,'2025-01-29 00:00:00');
INSERT INTO input_page VALUES(335,1,1,1,'',2022,6,7,2,0,3000.0,0,'2025-01-29 00:00:00');
INSERT INTO input_page VALUES(336,1,1,1,'',2022,6,8,2,0,3000.0,0,'2025-01-29 00:00:00');
INSERT INTO input_page VALUES(337,1,1,1,'',2022,7,8,1,0,3000.0,0,'2025-01-29 00:00:00');
INSERT INTO input_page VALUES(338,1,1,1,'',2022,7,10,0,0,3000.0,0,'2025-01-29 00:00:00');
INSERT INTO input_page VALUES(339,1,1,1,'',2022,7,10,0,0,3000.0,0,'2025-01-29 00:00:00');
INSERT INTO input_page VALUES(340,1,1,1,'',2023,10,9,1,0,3000.0,0,'2025-01-29 00:00:00');
INSERT INTO input_page VALUES(341,1,1,1,'',2023,10,9,1,0,3000.0,0,'2025-01-29 00:00:00');
INSERT INTO input_page VALUES(342,1,1,1,'',2023,10,9,1,0,3000.0,0,'2025-01-29 00:00:00');
INSERT INTO input_page VALUES(343,1,1,1,'',2022,10,8,1,0,3000.0,0,'2025-01-30 00:00:00');
INSERT INTO input_page VALUES(344,1,1,1,'',2022,10,9,1,0,3000.0,0,'2025-01-30 00:00:00');
INSERT INTO input_page VALUES(345,1,1,1,'',2022,10,8,1,0,3000.0,0,'2025-01-31 00:00:00');
INSERT INTO input_page VALUES(346,1,1,1,'',2022,10,9,1,0,3000.0,0,'2025-01-31 00:00:00');
INSERT INTO input_page VALUES(347,1,1,1,'',2022,1,8,0,0,3000.0,0,'2025-02-01 00:00:00');
INSERT INTO input_page VALUES(348,1,1,1,'',2022,1,8,0,0,3000.0,0,'2025-02-01 00:00:00');
INSERT INTO input_page VALUES(349,1,1,1,'',2022,1,8,0,0,3000.0,0,'2025-02-01 00:00:00');
INSERT INTO input_page VALUES(350,1,1,1,'',2022,2,10,0,0,3000.0,0,'2025-02-01 00:00:00');
INSERT INTO input_page VALUES(351,1,1,1,'テスト',2022,3,9,1,0,2000.0,0,'2025-02-01 00:00:00');
INSERT INTO input_page VALUES(352,1,1,1,'テスト',2022,3,10,0,0,2000.0,0,'2025-02-01 00:00:00');
INSERT INTO input_page VALUES(353,1,1,1,'テスト',2022,4,9,0,0,2000.0,0,'2025-02-01 00:00:00');
INSERT INTO input_page VALUES(354,1,1,1,'テスト',2023,4,9,1,0,2000.0,0,'2025-02-01 00:00:00');
INSERT INTO input_page VALUES(355,1,1,1,'',2022,5,9,1,0,3000.0,0,'2025-02-01 00:00:00');
INSERT INTO input_page VALUES(356,1,1,1,'',2022,5,8,1,0,3000.0,0,'2025-02-01 00:00:00');
INSERT INTO input_page VALUES(357,1,1,1,'',2022,6,9,1,0,3000.0,0,'2025-02-01 00:00:00');
INSERT INTO input_page VALUES(358,1,1,1,'',0,6,9,1,0,3000.0,0,'2025-02-01 00:00:00');
INSERT INTO input_page VALUES(359,1,1,1,'',2022,7,9,1,0,3000.0,0,'2025-02-01 00:00:00');
INSERT INTO input_page VALUES(360,1,1,1,'',2023,7,8,1,0,3000.0,0,'2025-02-01 00:00:00');
INSERT INTO input_page VALUES(361,1,1,1,'',2022,9,9,1,0,3000.0,0,'2025-02-02 00:00:00');
INSERT INTO input_page VALUES(362,1,1,1,'',2022,9,9,0,0,3000.0,1,'2025-02-02 00:00:00');
INSERT INTO input_page VALUES(363,1,1,1,'',2022,10,9,0,0,3000.0,1,'2025-02-02 00:00:00');
INSERT INTO input_page VALUES(364,1,1,1,'',2022,10,9,1,0,3000.0,1,'2025-02-02 00:00:00');
INSERT INTO input_page VALUES(365,1,1,1,'',2022,1,9,0,4,3000.0,1,'2025-02-02 00:00:00');
INSERT INTO input_page VALUES(366,1,1,1,'',2022,12,9,1,0,3000.0,1,'2025-02-02 00:00:00');
INSERT INTO input_page VALUES(367,1,1,1,'',2023,3,8,2,0,3000.0,1,'2025-02-02 00:00:00');
INSERT INTO input_page VALUES(368,1,1,1,'',2023,3,8,2,0,3000.0,1,'2025-02-02 00:00:00');
INSERT INTO input_page VALUES(369,1,1,1,'',2023,3,9,1,0,3000.0,1,'2025-02-02 00:00:00');
INSERT INTO input_page VALUES(370,1,1,1,'',2022,3,10,0,0,3000.0,0,'2025-02-03 00:00:00');
INSERT INTO input_page VALUES(371,1,1,1,'',2022,3,9,0,0,3000.0,0,'2025-02-03 00:00:00');
INSERT INTO input_page VALUES(372,1,1,1,'',2024,5,8,1,0,3000.0,0,'2025-02-03 00:00:00');
INSERT INTO input_page VALUES(373,1,1,1,'',2024,5,8,1,0,3000.0,0,'2025-02-03 00:00:00');
INSERT INTO input_page VALUES(374,1,1,1,'',2023,10,9,0,0,2000.0,0,'2025-02-05 00:00:00');
INSERT INTO input_page VALUES(375,1,1,1,'',2023,10,9,1,0,2000.0,0,'2025-02-05 00:00:00');
INSERT INTO input_page VALUES(376,1,1,2,'',2022,1,10,0,0,2000.0,0,'2025-02-05 00:00:00');
INSERT INTO input_page VALUES(377,6,6,4,'',2023,1,9,1,0,3000.0,0,'2025-02-09 00:08:21');
INSERT INTO input_page VALUES(378,6,6,4,'',2023,1,9,1,0,3000.0,0,'2025-02-09 00:08:21');
INSERT INTO input_page VALUES(379,6,6,4,'',2022,1,9,1,0,3000.0,0,'2025-02-09 00:08:21');
INSERT INTO input_page VALUES(380,6,6,4,'',2022,1,9,1,0,3000.0,0,'2025-02-09 00:08:21');
INSERT INTO input_page VALUES(381,1,1,1,'',2023,2,8,1,0,3000.0,0,'2025-02-09 14:55:35');
INSERT INTO input_page VALUES(382,1,1,1,'',2023,6,8,1,0,3000.0,0,'2025-02-09 16:25:18');
INSERT INTO input_page VALUES(383,1,1,1,'',2023,12,8,1,0,3000.0,0,'2025-02-09 16:32:43');
INSERT INTO input_page VALUES(384,1,1,1,'テスト２',2023,12,9,1,0,2000.0,0,'2025-02-09 16:33:34');
INSERT INTO input_page VALUES(385,1,1,1,'テスト２',2022,4,9,1,0,2000.0,0,'2025-02-09 16:36:12');
INSERT INTO input_page VALUES(386,1,1,1,'テスト２',2023,1,9,1,0,2000.0,0,'2025-02-09 17:14:04');
INSERT INTO input_page VALUES(387,2,1,1,'テスト',2024,10,9,1,2,2500.0,0,'2025-02-09 17:54:25');
INSERT INTO input_page VALUES(388,1,1,1,'テスト',2024,10,9,1,2,2500.0,0,'2025-02-09 17:54:25');
INSERT INTO input_page VALUES(389,1,1,1,'修正',2023,4,8,1,2,3000.0,0,'2025-02-09 18:05:50');
INSERT INTO input_page VALUES(390,1,1,1,'テスト',2023,1,10,0,2,2500.0,0,'2025-02-09 20:48:12');
INSERT INTO input_page VALUES(391,1,1,1,'',2022,13,8,1,1,NULL,1,'2025-02-13 10:07:08.737795');
INSERT INTO input_page VALUES(392,1,1,1,'',2022,13,8,1,1,NULL,1,'2025-02-13 10:07:08.737795');
INSERT INTO input_page VALUES(393,1,1,1,'テスト',2022,13,8,2,1,2500.0,0,'2025-02-13 10:07:08.737795');
INSERT INTO input_page VALUES(394,1,1,1,'テスト',2023,13,7,1,1,2500.0,0,'2025-02-13 10:07:08.737795');
INSERT INTO input_page VALUES(395,1,1,1,'テスト',2023,6,8,1,0,2500.0,0,'2025-02-14 08:41:06.854855');
DELETE FROM sqlite_sequence;
INSERT INTO sqlite_sequence VALUES('input_page',109);
INSERT INTO sqlite_sequence VALUES('User',0);
INSERT INTO sqlite_sequence VALUES('DispatchHistory',0);
INSERT INTO sqlite_sequence VALUES('DropdownHistory',0);
INSERT INTO sqlite_sequence VALUES('EditPage',0);
COMMIT;
